{
    "accel_only": {
        "pitch": 359.4473262253243,
        "roll": 4.013260781288113,
        "yaw": 110.9390743863653
    },
    "gyro_only": {
        "pitch": 359.46436023686664,
        "roll": 4.043809229237818,
        "yaw": 110.93929978260792
    },
    "humidity": 11.176464080810547,
    "north": 110.91930098871812,
    "orientation": {
        "pitch": 359.5863570203966,
        "roll": 4.141203884820792,
        "yaw": 110.92333080032843
    },
    "pressure": 0,
    "temp": 43.94474411010742
}